{"data_time": 0.008917834999977003, "eta_seconds": 132.9948989970024, "fast_rcnn/cls_accuracy": 0.75, "fast_rcnn/false_negative": 1.0, "fast_rcnn/fg_cls_accuracy": 0.0, "iteration": 19, "loss_box_reg": 0.30690036714076996, "loss_cls": 0.8132392466068268, "loss_rpn_cls": 0.13918476551771164, "loss_rpn_loc": 0.013276136480271816, "lr": 0.00012324427480916032, "rank_data_time": 0.008917834999977003, "roi_head/num_bg_samples": 13.5, "roi_head/num_fg_samples": 2.5, "rpn/num_neg_anchors": 251.0, "rpn/num_pos_anchors": 5.0, "time": 0.3565546890000064, "total_loss": 1.3667247667908669}
{"data_time": 0.012011310999980651, "eta_seconds": 126.26322136349245, "fast_rcnn/cls_accuracy": 0.84375, "fast_rcnn/false_negative": 1.0, "fast_rcnn/fg_cls_accuracy": 0.0, "iteration": 39, "loss_box_reg": 0.5552269518375397, "loss_cls": 0.45273557305336, "loss_rpn_cls": 0.05278461426496506, "loss_rpn_loc": 0.01320186909288168, "lr": 0.0002503435114503817, "rank_data_time": 0.012011310999980651, "roi_head/num_bg_samples": 13.5, "roi_head/num_fg_samples": 2.5, "rpn/num_neg_anchors": 249.75, "rpn/num_pos_anchors": 6.25, "time": 0.3576861794999786, "total_loss": 1.170631111599505}
{"data_time": 0.005739467500006867, "eta_seconds": 117.86415053400168, "fast_rcnn/cls_accuracy": 0.765625, "fast_rcnn/false_negative": 1.0, "fast_rcnn/fg_cls_accuracy": 0.0, "iteration": 59, "loss_box_reg": 0.7026377022266388, "loss_cls": 0.47723403573036194, "loss_rpn_cls": 0.044019315391778946, "loss_rpn_loc": 0.012739126104861498, "lr": 0.0003774427480916031, "rank_data_time": 0.005739467500006867, "roi_head/num_bg_samples": 12.0, "roi_head/num_fg_samples": 4.0, "rpn/num_neg_anchors": 250.75, "rpn/num_pos_anchors": 5.25, "time": 0.34088005299997803, "total_loss": 1.3208657782524824}
{"data_time": 0.005665684500002044, "eta_seconds": 110.78522257400158, "fast_rcnn/cls_accuracy": 0.84375, "fast_rcnn/false_negative": 0.8541666666666667, "fast_rcnn/fg_cls_accuracy": 0.14583333333333331, "iteration": 79, "loss_box_reg": 0.7878949344158173, "loss_cls": 0.38695479929447174, "loss_rpn_cls": 0.03277882281690836, "loss_rpn_loc": 0.021501691080629826, "lr": 0.0005045419847328244, "rank_data_time": 0.005665684500002044, "roi_head/num_bg_samples": 12.0, "roi_head/num_fg_samples": 4.0, "rpn/num_neg_anchors": 250.25, "rpn/num_pos_anchors": 5.75, "time": 0.35738209600003756, "total_loss": 1.2679546645376831}
{"data_time": 0.0056004269999903045, "eta_seconds": 103.95773549400354, "fast_rcnn/cls_accuracy": 0.890625, "fast_rcnn/false_negative": 0.5, "fast_rcnn/fg_cls_accuracy": 0.5, "iteration": 99, "loss_box_reg": 0.8403961956501007, "loss_cls": 0.30301129817962646, "loss_rpn_cls": 0.026596874929964542, "loss_rpn_loc": 0.011131717823445797, "lr": 0.0006316412213740458, "rank_data_time": 0.0056004269999903045, "roi_head/num_bg_samples": 12.0, "roi_head/num_fg_samples": 4.0, "rpn/num_neg_anchors": 251.0, "rpn/num_pos_anchors": 5.0, "time": 0.3561115329999893, "total_loss": 1.2806351750623435}
{"data_time": 0.005714847999968242, "eta_seconds": 97.65830911198452, "fast_rcnn/cls_accuracy": 0.875, "fast_rcnn/false_negative": 0.3125, "fast_rcnn/fg_cls_accuracy": 0.6875, "iteration": 119, "loss_box_reg": 0.876953125, "loss_cls": 0.302487313747406, "loss_rpn_cls": 0.0365725327283144, "loss_rpn_loc": 0.013206216506659985, "lr": 0.0007587404580152671, "rank_data_time": 0.005714847999968242, "roi_head/num_bg_samples": 12.0, "roi_head/num_fg_samples": 4.0, "rpn/num_neg_anchors": 250.5, "rpn/num_pos_anchors": 5.5, "time": 0.3730890714999191, "total_loss": 1.2678525052033365}
{"data_time": 0.012372357499998543, "eta_seconds": 90.86415937499112, "fast_rcnn/cls_accuracy": 0.875, "fast_rcnn/false_negative": 0.26785714285714285, "fast_rcnn/fg_cls_accuracy": 0.7321428571428572, "iteration": 139, "loss_box_reg": 0.7776186764240265, "loss_cls": 0.26446913182735443, "loss_rpn_cls": 0.013628927990794182, "loss_rpn_loc": 0.0103366794064641, "lr": 0.0008858396946564885, "rank_data_time": 0.012372357499998543, "roi_head/num_bg_samples": 12.0, "roi_head/num_fg_samples": 4.0, "rpn/num_neg_anchors": 251.0, "rpn/num_pos_anchors": 5.0, "time": 0.3693872090000241, "total_loss": 1.1544579439796507}
{"data_time": 0.0058796884999878785, "eta_seconds": 83.87923575999292, "fast_rcnn/cls_accuracy": 0.84375, "fast_rcnn/false_negative": 0.375, "fast_rcnn/fg_cls_accuracy": 0.625, "iteration": 159, "loss_box_reg": 0.820184051990509, "loss_cls": 0.32668350636959076, "loss_rpn_cls": 0.011724108830094337, "loss_rpn_loc": 0.011342610232532024, "lr": 0.00101293893129771, "rank_data_time": 0.0058796884999878785, "roi_head/num_bg_samples": 12.0, "roi_head/num_fg_samples": 4.0, "rpn/num_neg_anchors": 249.25, "rpn/num_pos_anchors": 6.75, "time": 0.36504879549994484, "total_loss": 1.210468215169385}
{"data_time": 0.009994817999938732, "eta_seconds": 77.12543539799515, "fast_rcnn/cls_accuracy": 0.890625, "fast_rcnn/false_negative": 0.1875, "fast_rcnn/fg_cls_accuracy": 0.8125, "iteration": 179, "loss_box_reg": 0.7872813642024994, "loss_cls": 0.27138689160346985, "loss_rpn_cls": 0.010202504228800535, "loss_rpn_loc": 0.006659118924289942, "lr": 0.0011400381679389313, "rank_data_time": 0.009994817999938732, "roi_head/num_bg_samples": 12.0, "roi_head/num_fg_samples": 4.0, "rpn/num_neg_anchors": 250.5, "rpn/num_pos_anchors": 5.5, "time": 0.37651703399995995, "total_loss": 1.0972143558319658}
{"data_time": 0.005692652499988071, "eta_seconds": 70.55058943150107, "fast_rcnn/cls_accuracy": 0.875, "fast_rcnn/false_negative": 0.25, "fast_rcnn/fg_cls_accuracy": 0.75, "iteration": 199, "loss_box_reg": 0.7489510476589203, "loss_cls": 0.24438264966011047, "loss_rpn_cls": 0.011476325802505016, "loss_rpn_loc": 0.007871299982070923, "lr": 0.0012671374045801528, "rank_data_time": 0.005692652499988071, "roi_head/num_bg_samples": 12.0, "roi_head/num_fg_samples": 4.0, "rpn/num_neg_anchors": 250.5, "rpn/num_pos_anchors": 5.5, "time": 0.375880608999978, "total_loss": 0.998928333632648}
{"data_time": 0.012059962500018173, "eta_seconds": 63.687970793487125, "fast_rcnn/cls_accuracy": 0.9375, "fast_rcnn/false_negative": 0.1625, "fast_rcnn/fg_cls_accuracy": 0.8375, "iteration": 219, "loss_box_reg": 0.7018981277942657, "loss_cls": 0.2314806431531906, "loss_rpn_cls": 0.021052864380180836, "loss_rpn_loc": 0.01345737325027585, "lr": 0.0013942366412213743, "rank_data_time": 0.012059962500018173, "roi_head/num_bg_samples": 12.0, "roi_head/num_fg_samples": 4.0, "rpn/num_neg_anchors": 249.0, "rpn/num_pos_anchors": 7.0, "time": 0.38107599950006943, "total_loss": 1.0130898864008486}
{"data_time": 0.005577274000017951, "eta_seconds": 56.47418855550535, "fast_rcnn/cls_accuracy": 0.90625, "fast_rcnn/false_negative": 0.1625, "fast_rcnn/fg_cls_accuracy": 0.8375, "iteration": 239, "loss_box_reg": 0.7148178219795227, "loss_cls": 0.2371406853199005, "loss_rpn_cls": 0.018111184239387512, "loss_rpn_loc": 0.009093248285353184, "lr": 0.0015213358778625955, "rank_data_time": 0.005577274000017951, "roi_head/num_bg_samples": 12.0, "roi_head/num_fg_samples": 4.0, "rpn/num_neg_anchors": 251.5, "rpn/num_pos_anchors": 4.5, "time": 0.3735924544999989, "total_loss": 1.0050254631787539}
{"data_time": 0.005662149499983116, "eta_seconds": 49.30687726650177, "fast_rcnn/cls_accuracy": 0.859375, "fast_rcnn/false_negative": 0.3125, "fast_rcnn/fg_cls_accuracy": 0.6875, "iteration": 259, "loss_box_reg": 0.7217724621295929, "loss_cls": 0.3208545744419098, "loss_rpn_cls": 0.01713217981159687, "loss_rpn_loc": 0.005443985108286142, "lr": 0.0016484351145038168, "rank_data_time": 0.005662149499983116, "roi_head/num_bg_samples": 12.0, "roi_head/num_fg_samples": 4.0, "rpn/num_neg_anchors": 252.0, "rpn/num_pos_anchors": 4.0, "time": 0.38346836099998427, "total_loss": 0.9839125941507518}
{"data_time": 0.012214794499982418, "eta_seconds": 42.042566768997744, "fast_rcnn/cls_accuracy": 0.890625, "fast_rcnn/false_negative": 0.125, "fast_rcnn/fg_cls_accuracy": 0.875, "iteration": 279, "loss_box_reg": 0.7118991017341614, "loss_cls": 0.2653829902410507,